{
    "vh":{
        "0":0.0075412253,
        "1":0.0040032938,
        "2":0.0271541122,
        "3":0.0015722384,
        "4":0.0280726608,
        "5":0.007668185,
        "6":0.0967338756,
        "7":0.0138693694,
        "8":0.0027543032,
        "9":0.0239866041,
        "10":0.2034438699,
        "11":0.0272614397,
        "12":0.005392984,
        "13":0.0406180769,
        "14":0.0047805053,
        "15":0.0018732171,
        "16":0.0230456833,
        "17":0.0153484559,
        "18":0.034348134,
        "19":0.0285759605,
        "20":0.0022964266,
        "21":0.0377359502,
        "22":0.0099400515,
        "23":0.058960136,
        "24":0.0031085303,
        "25":0.0094793765,
        "26":0.010552126,
        "27":0.0456544012,
        "28":0.0061556357,
        "29":0.0187996142,
        "30":0.10342893,
        "31":0.0111689894,
        "32":0.0403660387,
        "33":0.0067153634,
        "34":0.0162176806,
        "35":0.0590640195,
        "36":0.0440805033,
        "37":0.00307073,
        "38":0.0209753811,
        "39":0.0382451676,
        "40":0.0166067928,
        "41":0.0093961135,
        "42":0.0220909286,
        "43":0.0368211642,
        "44":0.0082845483,
        "45":0.0519065894,
        "46":0.0317032747,
        "47":0.0451905541,
        "48":0.0135353366,
        "49":0.0472062044,
        "50":0.0767337009,
        "51":0.0428268909,
        "52":0.0350764133,
        "53":0.0495252088,
        "54":0.0507092141,
        "55":0.0201588124,
        "56":0.031696409,
        "57":0.0027165841,
        "58":0.0219351053,
        "59":0.0022584002,
        "60":0.0318080746,
        "61":0.0699054971,
        "62":0.0239078626,
        "63":0.002503461,
        "64":0.0272539612,
        "65":0.0036527121,
        "66":0.0022509266,
        "67":0.0257063415,
        "68":0.0203357879,
        "69":0.0589051582,
        "70":0.0454258621,
        "71":0.0038129359,
        "72":0.0736493394,
        "73":0.0045257728,
        "74":0.0314224027,
        "75":0.0051140692,
        "76":0.007685151,
        "77":0.0080449283,
        "78":0.1284265369,
        "79":0.0407680087,
        "80":0.0261780843,
        "81":0.0431182347,
        "82":0.0639342964,
        "83":0.0331600197,
        "84":0.0091431532,
        "85":0.0290421769,
        "86":0.0029671497,
        "87":0.1228702813,
        "88":0.0478114337,
        "89":0.0030971593,
        "90":0.0622283891,
        "91":0.17252253,
        "92":0.1120430976,
        "93":0.0486099161,
        "94":0.0770359635,
        "95":0.1457010061,
        "96":0.0035696346,
        "97":0.0724548325,
        "98":0.0093140248,
        "99":0.0116561241,
        "100":0.0276536923,
        "101":0.0050607515,
        "102":0.0052821301,
        "103":0.0050969287,
        "104":0.0155525813,
        "105":0.0653552413,
        "106":0.0019752181,
        "107":0.0563719533,
        "108":0.0019540603,
        "109":0.0042956355,
        "110":0.0078463685,
        "111":0.0513288863,
        "112":0.0220267139,
        "113":0.0079673696,
        "114":0.016676778,
        "115":0.0028236527,
        "116":0.108959645,
        "117":0.0475184955,
        "118":0.0070877764,
        "119":0.0042706979,
        "120":0.0397036709,
        "121":0.0431680344,
        "122":0.0026184791,
        "123":0.0095999679,
        "124":0.0787418112,
        "125":0.0087264543,
        "126":0.0072660055,
        "127":0.0040755551,
        "128":0.0577359535,
        "129":0.025255695,
        "130":0.0065295375,
        "131":0.0042657633,
        "132":0.1176903546,
        "133":0.0177776441,
        "134":0.0722360983,
        "135":0.0037442003,
        "136":0.006369554,
        "137":0.0599488914,
        "138":0.0416454263,
        "139":0.0029589371,
        "140":0.034026999,
        "141":0.0381985009,
        "142":0.0023653589,
        "143":0.0222692564,
        "144":0.053242337,
        "145":0.0049556838,
        "146":0.0028747604,
        "147":0.0471937172,
        "148":0.0137885148,
        "149":0.0514759496,
        "150":0.0185113847,
        "151":0.0398721956,
        "152":0.0218669381,
        "153":0.0234552789,
        "154":0.0049245581,
        "155":0.0069579668,
        "156":0.0022055688,
        "157":0.022640558,
        "158":0.0415800028,
        "159":0.0026202581,
        "160":0.0649764687,
        "161":0.0185169224,
        "162":0.0367448628,
        "163":0.08946307,
        "164":0.0301059466,
        "165":0.0654284433,
        "166":0.0013646455,
        "167":0.0255050492,
        "168":0.031085968,
        "169":0.0489325151,
        "170":0.0047930027,
        "171":0.0243819095,
        "172":0.0194245987,
        "173":0.0653428063,
        "174":0.0031743483,
        "175":0.0117468517,
        "176":0.0098661166,
        "177":0.0185821205,
        "178":0.0366571769,
        "179":0.0145537667,
        "180":0.0501969419,
        "181":0.044696968,
        "182":0.0458161272,
        "183":0.0181298479,
        "184":0.0228272676,
        "185":0.0068094805,
        "186":0.025258176,
        "187":0.0410678573,
        "188":0.0523373,
        "189":0.0020098039,
        "190":0.0018541513,
        "191":0.0328145586,
        "192":0.0080445325,
        "193":0.127972737,
        "194":0.0576346219,
        "195":0.0849575177,
        "196":0.0061691701,
        "197":0.0267940722,
        "198":0.0134966578,
        "199":0.0744847953,
        "200":0.0031852007,
        "201":0.0045363228,
        "202":0.0260880366,
        "203":0.0110008167,
        "204":0.006478488,
        "205":0.0320716873,
        "206":0.0276747681,
        "207":0.0040483447,
        "208":0.023236746,
        "209":0.0826073065,
        "210":0.0491983332,
        "211":0.0150146671,
        "212":0.0305718705,
        "213":0.0084460489,
        "214":0.0354463719,
        "215":0.0039135818,
        "216":0.0306746382,
        "217":0.00766786,
        "218":0.0056945137,
        "219":0.0228245836,
        "220":0.0550914891,
        "221":0.0876409784,
        "222":0.0043520923,
        "223":0.0028721199,
        "224":0.0388649702,
        "225":0.027527323,
        "226":0.0305408258,
        "227":0.0222479459,
        "228":0.0042149695,
        "229":0.0615381487,
        "230":0.0605462007,
        "231":0.0021720084,
        "232":0.0833825544,
        "233":0.0587817468,
        "234":0.0213025101,
        "235":0.1545946002,
        "236":0.0047064899,
        "237":0.0715845376,
        "238":0.0662819296,
        "239":0.0086698504,
        "240":0.056575574,
        "241":0.0077499831,
        "242":0.0081047565,
        "243":0.0461354107,
        "244":0.002731082,
        "245":0.0041897646,
        "246":0.0016612217,
        "247":0.0044088303,
        "248":0.0069526737,
        "249":0.0073428061
    },
    "vv":{
        "0":0.2308751196,
        "1":0.083652176,
        "2":0.1868938059,
        "3":0.00935305,
        "4":0.1505248696,
        "5":0.0155785084,
        "6":0.3295438886,
        "7":0.1776469499,
        "8":0.0118500153,
        "9":0.0681112036,
        "10":1.1368746758,
        "11":0.3424391448,
        "12":0.0205792617,
        "13":0.1812039018,
        "14":0.0141594028,
        "15":0.0081611834,
        "16":0.2780772746,
        "17":0.1779539138,
        "18":0.132310003,
        "19":0.1972934157,
        "20":0.2033072114,
        "21":0.2169813365,
        "22":0.0713836923,
        "23":0.3253508806,
        "24":0.2300501764,
        "25":0.4364799261,
        "26":0.2292804569,
        "27":0.2529203892,
        "28":0.0112216715,
        "29":0.3431220949,
        "30":0.2674353421,
        "31":0.0141346352,
        "32":0.0596207604,
        "33":0.1150082424,
        "34":0.1076369658,
        "35":0.1060108766,
        "36":0.2962018847,
        "37":0.0091760792,
        "38":0.393874228,
        "39":0.2257891744,
        "40":0.1525721252,