{
    "vh":{
        "0":0.0050579938,
        "1":0.0019828347,
        "2":0.0178127717,
        "3":0.0039660875,
        "4":0.020260172,
        "5":0.0032607792,
        "6":0.0315455832,
        "7":0.0054949876,
        "8":0.0019050445,
        "9":0.0250776988,
        "10":0.0394030996,
        "11":0.0561397783,
        "12":0.0125973942,
        "13":0.048947975,
        "14":0.005003388,
        "15":0.003216295,
        "16":0.0254383665,
        "17":0.0158330258,
        "18":0.0358358249,
        "19":0.0189592633,
        "20":0.0069499244,
        "21":0.0638126954,
        "22":0.0080286525,
        "23":0.0715209618,
        "24":0.0026351886,
        "25":0.0135271391,
        "26":0.0102139246,
        "27":0.0491918437,
        "28":0.005265737,
        "29":0.0064239358,
        "30":0.0838716179,
        "31":0.0012149821,
        "32":0.0264250562,
        "33":0.0099735511,
        "34":0.0283364654,
        "35":0.1113878265,
        "36":0.0549751595,
        "37":0.004120707,
        "38":0.0363816433,
        "39":0.0204547383,
        "40":0.0123537034,
        "41":0.0046533379,
        "42":0.0246889014,
        "43":0.0255504139,
        "44":0.0089381645,
        "45":0.053254161,
        "46":0.0603761859,
        "47":0.0271321647,
        "48":0.0281329211,
        "49":0.0115141179,
        "50":0.3913546205,
        "51":0.0399379693,
        "52":0.0719405562,
        "53":0.0516625047,
        "54":0.062855348,
        "55":0.0420034081,
        "56":0.0170894079,
        "57":0.0032228418,
        "58":0.0312580951,
        "59":0.0044658533,
        "60":0.0136961043,
        "61":0.0172089282,
        "62":0.0626823157,
        "63":0.0037237648,
        "64":0.035364721,
        "65":0.0036368913,
        "66":0.0042776018,
        "67":0.0227924436,
        "68":0.1259045899,
        "69":0.1267077029,
        "70":0.0263204537,
        "71":0.0026382359,
        "72":0.0310835801,
        "73":0.0023474232,
        "74":0.0317162313,
        "75":0.0048276852,
        "76":0.0078115175,
        "77":0.0068493886,
        "78":0.046210736,
        "79":0.1777618825,
        "80":0.0524838753,
        "81":0.0377309658,
        "82":0.0472515561,
        "83":0.0411513448,
        "84":0.0099132136,
        "85":0.0471320823,
        "86":0.0047210106,
        "87":0.05036195,
        "88":0.0741680562,
        "89":0.0064445292,
        "90":0.0424103551,
        "91":0.0410546921,
        "92":0.0987122655,
        "93":0.0836247951,
        "94":0.0317596905,
        "95":0.0479577184,
        "96":0.0066062314,
        "97":0.0760921389,
        "98":0.0286036041,
        "99":0.0129284495,
        "100":0.0217860807,
        "101":0.0049598757,
        "102":0.0090088379,
        "103":0.0016804719,
        "104":0.013967392,
        "105":0.0936264023,
        "106":0.0057264916,
        "107":0.0465129465,
        "108":0.0037159929,
        "109":0.0035700067,
        "110":0.0069746338,
        "111":0.0855615065,
        "112":0.0333395675,
        "113":0.014211392,
        "114":0.0095391627,
        "115":0.0016395184,
        "116":0.1774881333,
        "117":0.0205748174,
        "118":0.002570875,
        "119":0.0019546435,
        "120":0.05358693,
        "121":0.058243908,
        "122":0.0019502011,
        "123":0.032172583,
        "124":0.0228741318,
        "125":0.0107740127,
        "126":0.0037721004,
        "127":0.0037573481,
        "128":0.0536347739,
        "129":0.0210201796,
        "130":0.0155803747,
        "131":0.0047456729,
        "132":0.0733065978,
        "133":0.0094062211,
        "134":0.0414909609,
        "135":0.0055869347,
        "136":0.0110387504,
        "137":0.0324141905,
        "138":0.0290877577,
        "139":0.001341818,
        "140":0.0347133502,
        "141":0.0361873545,
        "142":0.0071866643,
        "143":0.0787328556,
        "144":0.1117362455,
        "145":0.0041649183,
        "146":0.0034130411,
        "147":0.0433144532,
        "148":0.0106732873,
        "149":0.0378105454,
        "150":0.0203654263,
        "151":0.0463119075,
        "152":0.021614071,
        "153":0.0678540394,
        "154":0.0050391611,
        "155":0.006826777,
        "156":0.0040097805,
        "157":0.0657768473,
        "158":0.0853371248,
        "159":0.0018923476,
        "160":0.0819884166,
        "161":0.0374250971,
        "162":0.0410684086,
        "163":0.0887737349,
        "164":0.0140300989,
        "165":0.0841462612,
        "166":0.004113338,
        "167":0.0397324897,
        "168":0.0195705537,
        "169":0.0508479737,
        "170":0.0020081694,
        "171":0.1088338941,
        "172":0.0232725479,
        "173":0.0902247801,
        "174":0.0029411279,
        "175":0.0079306774,
        "176":0.0233453605,
        "177":0.0132916374,
        "178":0.0475108586,
        "179":0.0245829094,
        "180":0.050713785,
        "181":0.0128272008,
        "182":0.0120643154,
        "183":0.013152726,
        "184":0.0139136361,
        "185":0.0063136215,
        "186":0.0176766478,
        "187":0.0383888632,
        "188":0.0712897703,
        "189":0.0055192052,
        "190":0.0041972646,
        "191":0.0364362337,
        "192":0.0074656,
        "193":0.1124898419,
        "194":0.0347144753,
        "195":0.0517235324,
        "196":0.006659105,
        "197":0.0467197038,
        "198":0.0144513315,
        "199":0.031280309,
        "200":0.005510028,
        "201":0.003912142,
        "202":0.0177171752,
        "203":0.0063221934,
        "204":0.0073304884,
        "205":0.0248234067,
        "206":0.0058788713,
        "207":0.0039157444,
        "208":0.0736484602,
        "209":0.0444798134,
        "210":0.0445946753,
        "211":0.0298444293,
        "212":0.0380244143,
        "213":0.0257435739,
        "214":0.038482897,
        "215":0.0041220533,
        "216":0.0328086466,
        "217":0.015115194,
        "218":0.0120298034,
        "219":0.0302698631,
        "220":0.0285670049,
        "221":0.0178937372,
        "222":0.0030193008,
        "223":0.0080500338,
        "224":0.1015427262,
        "225":0.1172889918,
        "226":0.0939568281,
        "227":0.0263565555,
        "228":0.0061180708,
        "229":0.0395783335,
        "230":0.0634863004,
        "231":0.0026735405,
        "232":0.0497652143,
        "233":0.0494787283,
        "234":0.0221925508,
        "235":0.0222921856,
        "236":0.0103446841,
        "237":0.0650057122,
        "238":0.0569706634,
        "239":0.0151997553,
        "240":0.0646846145,
        "241":0.0077204728,
        "242":0.0056654052,
        "243":0.02607942,
        "244":0.001576971,
        "245":0.0050381422,
        "246":0.0040536234,
        "247":0.0013825643,
        "248":0.0129493512,
        "249":0.0143910386
    },
    "vv":{
        "0":0.3830899596,
        "1":0.0811680183,
        "2":0.1110934019,
        "3":0.0061585,
        "4":0.1595196277,
        "5":0.0102753052,
        "6":0.1751271784,
        "7":0.0634351894,
        "8":0.0060512992,
        "9":0.1366132647,
        "10":0.1273982823,
        "11":0.2760160267,
        "12":0.0326324627,
        "13":0.1316533536,
        "14":0.0070958375,
        "15":0.0155778881,
        "16":0.4091959298,
        "17":0.2543937862,
        "18":0.1423406899,
        "19":0.2287506908,
        "20":0.363427788,
        "21":0.1948609352,
        "22":0.1295113415,
        "23":0.2234174013,
        "24":0.1808540672,
        "25":0.2518290281,
        "26":0.3351908028,
        "27":0.3888361752,
        "28":0.0067462949,
        "29":0.3181402981,
        "30":0.2717667818,
        "31":0.0070841252,
        "32":0.1300185919,
        "33":0.3613270819,
        "34":0.1125308648,
        "35":0.2157111317,
        "36":0.1155930459,
        "37":0.0217459798,
        "38":0.0890156776,
        "39":0.1447500288,
        "40":0.116573222,